ticker,shortName,longName,symbol,exchange,quoteType,currency,sector,industry,fullTimeEmployees,regularMarketPrice,previousClose,open,dayLow,dayHigh,fiftyTwoWeekLow,fiftyTwoWeekHigh,regularMarketVolume,averageVolume,averageVolume10days,marketCap,enterpriseValue,trailingPE,forwardPE,priceToBook,beta,trailingEps,forwardEps,dividendRate,dividendYield,payoutRatio,profitMargins,grossMargins,operatingMargins,ebitdaMargins,revenueGrowth,earningsGrowth,totalRevenue,ebitda,recommendationKey,recommendationMean
ADBE,Adobe Inc.,Adobe Inc.,ADBE,NMS,EQUITY,USD,Technology,Software - Application,31360.0,301.07,299.62,300.5664,299.2,303.84,288.33,465.7,3365960,4207144,5497810,126027907072,123648237568.0,18.017357,11.412237,10.697865,1.526,16.71,26.38133,,,0.0,0.29997,0.89268,0.36503,0.38883,0.105,0.172,23768999936,9242000384,buy,2.23077
AMD,"Advanced Micro Devices, Inc.","Advanced Micro Devices, Inc.",AMD,NMS,EQUITY,USD,Technology,Semiconductors,28000.0,259.68,253.73,261.3,256.25,266.95,76.48,267.08,36784199,40937378,43876700,422769819648,419396812800.0,135.25,39.52662,6.954472,1.95,1.92,6.56975,,,0.0,0.10323,0.51457,0.13736,0.18902999,0.356,0.603,32027000832,6054000128,buy,1.54717
ABNB,"Airbnb, Inc.","Airbnb, Inc.",ABNB,NMS,EQUITY,USD,Consumer Cyclical,Travel Services,7300.0,132.15,133.79999,133.21,131.71,134.82,99.88,163.93,4302887,4804822,4648960,80906936320,70723117056.0,31.464285,27.400356,9.331967,1.1,4.2,4.82293,,,0.0,0.2203,0.83036005,0.39683,0.23118,0.097,0.038,11943000064,2760999936,buy,2.44186
ALNY,"Alnylam Pharmaceuticals, Inc.","Alnylam Pharmaceuticals, Inc.",ALNY,NMS,EQUITY,USD,Healthcare,Biotechnology,2230.0,357.98,370.0,368.2,356.79,371.33,205.87,495.55,1636801,1400683,1732080,47294103552,47342788608.0,1234.4138,31.862165,201.67888,0.321,0.29,11.23527,,,0.0,0.0135699995,0.83896005,0.29462,0.1,1.493,,3210070016,321020992,buy,1.82143
GOOGL,Alphabet Inc.,Alphabet Inc.,GOOGL,NMS,EQUITY,USD,Communication Services,Internet Content & Information,190167.0,327.935,330.505,332.485,327.45,333.6889,140.53,340.49,27279974,36587240,31521910,3971988586496,3902830280704.0,32.372654,29.16951,10.2374115,1.086,10.13,11.24239,0.84,0.26,0.0809,0.32233003,0.59172,0.30512,0.37660998,0.159,0.353,385476001792,145174003712,strong_buy,1.41791
GOOG,Alphabet Inc.,Alphabet Inc.,GOOG,NMS,EQUITY,USD,Communication Services,Internet Content & Information,190167.0,328.44,330.83,332.725,327.97,334.03,142.66,341.2,19110585,23608970,21152220,3964872949760,3908863787008.0,32.454548,29.200846,10.253176,1.086,10.12,11.24762,0.84,0.26,0.0809,0.32233003,0.59172,0.30512,0.37660998,0.159,0.353,385476001792,145174003712,strong_buy,1.42424
AMZN,"Amazon.com, Inc.","Amazon.com, Inc.",AMZN,NMS,EQUITY,USD,Consumer Cyclical,Internet Retail,1578000.0,239.16,234.34,234.72,234.57,240.45,161.38,258.6,33778478,44798427,39977350,2556672081920,2622912987136.0,33.779663,30.425894,6.9147363,1.376,7.08,7.86041,,,0.0,0.11063,0.50046,0.11057,0.20207001,0.134,0.364,691330023424,139696996352,strong_buy,1.34328
AEP,American Electric Power Company,"American Electric Power Company, Inc.",AEP,NMS,EQUITY,USD,Utilities,Utilities - Regulated Electric,16330.0,116.63,117.18,117.04,115.56,117.17,97.32,124.8,2525915,3547862,3312900,62428024832,110114930688.0,17.076134,18.453033,2.0537426,0.615,6.83,6.32037,3.8,3.26,0.5447,0.17228001,0.48422,0.25885,0.41197,0.109,0.006,21257000960,8757300224,buy,2.34783
AMGN,Amgen Inc.,Amgen Inc.,AMGN,NMS,EQUITY,USD,Healthcare,Drug Manufacturers - General,28000.0,344.75,347.07,346.18,341.815,349.225,261.43,349.98,1710550,2865331,2763030,185641205760,230783205376.0,26.6628,15.589397,19.29967,0.45,12.93,22.11439,9.66,2.8,0.72620004,0.19474001,0.70051,0.34153,0.45817003,0.124,0.136,35970998272,16481000448,buy,2.40625
ADI,"Analog Devices, Inc.","Analog Devices, Inc.",ADI,NMS,EQUITY,USD,Technology,Semiconductors,24500.0,305.6,308.52,310.75,303.16,313.54,158.65,313.54,2409687,3749077,3487700,149638299648,154947026944.0,67.16483,26.686554,4.425138,1.032,4.55,11.45146,3.96,1.3,0.8531,0.20575,0.61467,0.30501,0.45321998,0.259,0.661,11019707392,4994371072,buy,1.77778
AAPL,Apple Inc.,Apple Inc.,AAPL,NMS,EQUITY,USD,Technology,Consumer Electronics,166000.0,248.04,248.34999,247.24,244.68,249.41,169.21,288.62,41688982,46377416,49878560,3665126490112,3722806558720.0,33.20482,27.10944,49.697453,1.093,7.47,9.14958,1.04,0.42,0.1367,0.26915002,0.46905,0.31647,0.34782,0.079,0.912,416161005568,144748003328,buy,2.0
AMAT,"Applied Materials, Inc.","Applied Materials, Inc.",AMAT,NMS,EQUITY,USD,Technology,Semiconductor Equipment & Materials,36500.0,322.37,318.795,318.93,311.07,323.6399,123.74,333.03,6200984,7449436,8192880,256813613056,254106075136.0,37.182236,27.019234,12.522141,1.671,8.67,11.93113,1.84,0.57,0.19860001,0.24669,0.48675,0.28441,0.31535998,-0.035,0.133,28367998976,8945999872,buy,1.73684
APP,Applovin Corporation,AppLovin Corporation,APP,NMS,EQUITY,USD,Communication Services,Advertising Agencies,1533.0,524.41,521.94,521.5,509.04,535.7,200.5,745.61,4835106,4308591,5980250,177381638144,179072040960.0,61.69529,37.611042,120.44326,2.502,8.5,13.94298,,,0.0,0.44879,0.79688,0.76795,0.62052,0.682,0.959,6307449856,3913881088,buy,1.67857
ARM,Arm Holdings plc,Arm Holdings plc,ARM,NMS,EQUITY,USD,Technology,Semiconductors,8330.0,116.07,119.2,120.87,114.58,121.85,80.0,183.16,4981079,4846486,7806670,123150106624,120321269760.0,148.8077,50.931576,16.626558,4.363,0.78,2.27894,,,0.0,0.18812001,0.97393,0.14361,0.2384,0.345,1.2,4412000256,1051800000,buy,2.09756
ASML,ASML Holding N.V. - New York Re,ASML Holding N.V.,ASML,NMS,EQUITY,USD,Technology,Semiconductor Equipment & Materials,43461.0,1389.04,1395.0,1377.29,1363.27,1393.36,578.51,1398.8,1061460,1494003,2087770,539152678912,535551705088.0,48.772472,43.023167,23.946615,1.341,28.48,32.285862,7.37,0.53,0.2672,0.29378,0.52711,0.32841998,0.37743,0.007,0.038,32212000768,12157899776,buy,1.56098
TEAM,Atlassian Corporation,Atlassian Corporation,TEAM,NMS,EQUITY,USD,Technology,Software - Application,14089.0,131.75,128.435,128.75,128.7,132.28,115.53,326.0,5862998,3048732,5206770,34680729600,33112252416.0,,23.398844,25.157534,0.888,-0.7,5.63062,,,0.0,-0.03384,0.83452004,-0.028380001,-0.00828,0.206,,5460076032,-45192000,buy,1.60606
ADSK,"Autodesk, Inc.","Autodesk, Inc.",ADSK,NMS,EQUITY,USD,Technology,Software - Application,15300.0,270.0,269.77,269.41,266.87,271.285,232.67,329.09,1493407,1579355,2269550,57509998592,57685000192.0,52.325584,23.251669,19.786018,1.466,5.16,11.61207,,,0.0,0.16129999,0.92130995,0.25688,0.25726,0.18,0.26,6888000000,1772000000,strong_buy,1.5
ADP,"Automatic Data Processing, Inc.","Automatic Data Processing, Inc.",ADP,NMS,EQUITY,USD,Technology,Software - Application,67000.0,257.87,259.85498,258.035,256.88,260.65,247.18,329.93,2114594,2273993,2068600,104460427264,106472595456.0,25.45607,21.621508,16.38102,0.864,10.13,11.92655,6.8,2.64,0.6081,0.19788,0.48306,0.25891,0.29149,0.071,0.064,20903399424,6093100032,hold,3.0
AXON,"Axon Enterprise, Inc.","Axon Enterprise, Inc.",AXON,NMS,EQUITY,USD,Industrials,Aerospace & Defense,4100.0,613.14,607.29,607.5,605.0,622.3899,469.24,885.92,357908,858060,600350,48706166784,48037462016.0,192.2069,81.338264,15.9759245,1.414,3.19,7.53815,,,0.0,0.100509994,0.60357,-0.00229,0.02783,0.306,,2557957120,71199000,buy,1.52632
BKR,Baker Hughes Company,Baker Hughes Company,BKR,NMS,EQUITY,USD,Energy,Oil & Gas Equipment & Services,,53.8,54.579998,55.09,53.8,55.31,33.6,55.31,15013810,7633614,9912370,53088436224,55591038976.0,18.551723,18.863625,2.793354,,2.9,2.85205,0.92,1.71,0.3103,0.09332,0.23596,0.13133,0.1711,0.003,-0.256,27733000192,4744999936,buy,1.86957
BKNG,Booking Holdings Inc. Common St,Booking Holdings Inc.,BKNG,NMS,EQUITY,USD,Consumer Cyclical,Travel Services,24800.0,5098.5,5150.9,5077.0,5077.0,5129.83,4096.23,5839.41,207688,254355,237350,165241798656,165593104384.0,33.22364,19.164629,-34.77926,1.234,153.46,266.037,38.4,0.75,0.24440001,0.19371,0.86992997,0.44904998,0.37709,0.127,0.135,26038999040,9818999808,buy,1.69231
AVGO,Broadcom Inc.,Broadcom Inc.,AVGO,NMS,EQUITY,USD,Technology,Semiconductors,33000.0,319.955,325.585,319.3,314.11,321.99,138.1,414.61,30259482,29745516,26414510,1516994166784,160919552000.0,67.076515,22.49978,5.4027286,1.218,4.77,14.22036,2.6,0.81,0.4948,0.36198002,0.77325994,0.31765,0.54789,0.164,1.881,63886999552,35002998784,strong_buy,1.26
CDNS,"Cadence Design Systems, Inc.","Cadence Design Systems, Inc.",CDNS,NMS,EQUITY,USD,Technology,Software - Application,12700.0,318.32,317.09,315.5,312.014,323.54,221.56,376.45,1208625,1786440,1749090,86739017728,86196125696.0,82.04124,39.532204,16.665968,1.022,3.88,8.05217,,,0.0,0.20354,0.85545,0.35089,0.36118,0.101,0.207,5212625920,1882690944,buy,1.57692
CHTR,"Charter Communications, Inc.","Charter Communications, Inc.",CHTR,NMS,EQUITY,USD,Communication Services,Telecom Services,94500.0,191.69,192.67,191.81,188.325,192.19,183.75,437.06,1021031,1922018,1813250,26183127040,126120484864.0,5.315862,4.528192,1.6171049,1.058,36.06,42.33257,,,0.0,0.092939995,0.55237,0.23858999,0.40098998,-0.009,-0.054,55098998784,22094000128,hold,2.80952
CTAS,Cintas Corporation,Cintas Corporation,CTAS,NMS,EQUITY,USD,Industrials,Specialty Business Services,48300.0,192.96,193.07,193.07,192.44,195.05,180.39,229.24,1216757,2056829,1927500,77544202240,80198926336.0,41.856834,35.677967,17.318256,0.972,4.61,5.40838,1.8,0.93,0.36360002,0.17584999,0.50249,0.23417999,0.26392,0.093,0.11,10794925056,2848997120,hold,2.54545
CSCO,"Cisco Systems, Inc.","Cisco Systems, Inc.",CSCO,NMS,EQUITY,USD,Technology,Communication Equipment,86200.0,74.59,74.329994,73.94,73.71,75.07,52.11,80.82,13125530,21117277,18787250,294712115200,308613152768.0,28.799227,16.67378,6.266487,0.863,2.59,4.47349,1.64,2.2,0.6293,0.17902,0.64847,0.23604,0.2717,0.075,0.06,57696002048,15676000256,buy,1.96154
CCEP,Coca-Cola Europacific Partners ,Coca-Cola Europacific Partners PLC,CCEP,NMS,EQUITY,USD,Consumer Defensive,Beverages - Non-Alcoholic,41000.0,89.85,89.65,89.03,88.7025,89.88,76.6,100.67,836573,1619786,1669060,40997703680,51510579200.0,22.862595,17.064997,4.3264503,0.362,3.93,5.2651634,2.35,2.62,0.6048,0.07345,0.35463002,0.12945,0.16275999,0.045,0.15,20884000768,3399000064,buy,2.0
CTSH,Cognizant Technology Solutions ,Cognizant Technology Solutions Corporation,CTSH,NMS,EQUITY,USD,Technology,Information Technology Services,349800.0,84.18,84.61,84.62,84.13,85.33,65.15,90.82,3091056,4870781,5170390,41113169920,39445180416.0,19.48611,14.951724,2.7293065,0.954,4.32,5.63012,1.24,1.47,0.2847,0.10203,0.34056,0.15993,0.18114,0.074,-0.521,20856999936,3777999872,buy,2.25
CMCSA,Comcast Corporation,Comcast Corporation,CMCSA,NMS,EQUITY,USD,Communication Services,Telecom Services,182000.0,29.32,29.21,28.982,28.755,29.325,24.133083,35.988754,29380164,38801052,35522640,115554942976,197059117056.0,4.870432,7.653814,1.1037079,0.807,6.02,3.83077,1.32,4.51,0.2159,0.18333,0.71882004,0.17735,0.30844,-0.027,-0.042,123310997504,38034001920,hold,2.53571
CEG,Constellation Energy Corporatio,Constellation Energy Corporation,CEG,NMS,EQUITY,USD,Utilities,Utilities - Independent Power Producers,14215.0,288.95,287.46,287.5,285.44,292.25,161.35,412.7,3785163,2883150,4620130,104683724800,95690571776.0,33.098515,25.013073,6.2879467,1.145,8.73,11.55196,1.55,0.54,0.1736,0.11026,0.20131999,0.16332,0.23944001,0.003,-0.223,24841000960,5948000256,buy,1.72222
CPRT,"Copart, Inc.","Copart, Inc.",CPRT,NMS,EQUITY,USD,Industrials,Specialty Business Services,13800.0,41.4,41.27,41.14,41.12,41.78,37.41,63.85,7503501,8866309,9405480,40075931648,34951372800.0,25.398773,22.967592,4.1742287,1.103,1.63,1.80254,,,0.0,0.34243,0.47624,0.37289003,0.42539,0.007,0.108,4655158784,1980256000,buy,2.33333
CSGP,"CoStar Group, Inc.","CoStar Group, Inc.",CSGP,NMS,EQUITY,USD,Real Estate,Real Estate Services,6593.0,65.6,66.26,65.72,65.26,66.68,57.01,97.43,4985944,5115911,7490260,27802773504,27007576064.0,1093.3334,49.30922,3.2245378,0.841,0.06,1.33038,,,0.0,0.00664,0.79251,-0.061300002,0.05163,0.204,,3056499968,157800000,buy,2.05556
COST,Costco Wholesale Corporation,Costco Wholesale Corporation,COST,NMS,EQUITY,USD,Consumer Defensive,Discount Stores,341000.0,983.25,976.17,971.46,971.01,984.85,844.06,1078.23,1351085,2755086,2834490,436521402368,427423596544.0,52.63651,44.26476,14.40406,1.008,18.68,22.21293,5.2,0.53,0.271,0.02961,0.12876001,0.03659,0.04681,0.083,0.114,280390991872,13125000192,buy,1.88889
CRWD,"CrowdStrike Holdings, Inc.","CrowdStrike Holdings, Inc.",CRWD,NMS,EQUITY,USD,Technology,Software - Infrastructure,10410.0,452.49,453.77,454.69,449.422,458.86,298.0,566.9,1770799,2353781,2626040,114072018944,110131503104.0,,93.61132,28.397764,1.029,-1.27,4.83371,,,0.0,-0.06882,0.74277,-0.05589,-0.020550001,0.222,,4565168128,-93824000,buy,1.88889
CSX,CSX Corporation,CSX Corporation,CSX,NMS,EQUITY,USD,Industrials,Railroads,22935.0,36.64,35.78,36.97,36.61,37.55,26.22,37.55,18056600,13121040,16700160,68307107840,86494961664.0,23.792208,17.513504,5.1898017,1.303,1.54,2.0921,0.52,1.42,0.3377,0.20501,0.45167,0.31642,0.45167,-0.009,0.012,14092000256,6365000192,buy,1.69231
DDOG,"Datadog, Inc.","Datadog, Inc.",DDOG,NMS,EQUITY,USD,Technology,Software - Application,6500.0,130.13,131.25,130.68,129.09,131.86,81.63,201.69,4073311,4712226,6433420,45632786432,42771763200.0,419.7742,55.670116,13.263684,1.263,0.31,2.33752,,,0.0,0.033239998,0.79959,-0.00656,0.0019400001,0.284,-0.337,3211691008,6225000,strong_buy,1.44444
DXCM,"DexCom, Inc.","DexCom, Inc.",DXCM,NMS,EQUITY,USD,Healthcare,Medical Devices,10200.0,72.86,73.92,73.05,71.6958,73.53,54.11,93.25,5247368,6398909,7319280,28572432384,27670085632.0,40.47778,29.3846,10.423463,1.483,1.8,2.47953,,,0.0,0.15958999,0.59014,0.20053,0.22633,0.216,1.099,4515899904,1022099968,strong_buy,1.48276
FANG,"Diamondback Energy, Inc.","Diamondback Energy, Inc.",FANG,NMS,EQUITY,USD,Energy,Oil & Gas E&P,1983.0,154.02,151.85,153.61,153.2001,156.25,114.0,175.69,995532,1772455,2031070,44586651648,66790674432.0,10.808421,14.9878845,1.1303889,0.577,14.25,10.2763,4.0,2.6,0.2739,0.28689,0.74942,0.36628,0.7246,0.42,0.1,14625999872,10597999616,strong_buy,1.3871
DASH,"DoorDash, Inc.","DoorDash, Inc.",DASH,NMS,EQUITY,USD,Consumer Cyclical,Internet Retail,23700.0,207.23,207.65,206.81,205.99,211.42,155.4,285.5,1921271,5405385,4259390,89315819520,88342822912.0,104.13567,33.898,9.404584,1.702,1.99,6.11334,,,0.0,0.0683,0.51429003,0.08009,0.08081,0.273,0.459,12634999808,1021000000,buy,1.61364
EA,Electronic Arts Inc.,Electronic Arts Inc.,EA,NMS,EQUITY,USD,Communication Services,Electronic Gaming & Multimedia,14500.0,204.0,204.38,204.23,203.89,204.27,115.3,204.89,1644702,1965739,1834490,51021651968,51817529344.0,59.130432,22.032427,8.477746,0.733,3.45,9.25908,0.76,0.37,0.2209,0.121429995,0.78787005,0.10875,0.21500999,-0.092,-0.514,7288000000,1567000064,hold,2.73913
EXC,Exelon Corporation,Exelon Corporation,EXC,NMS,EQUITY,USD,Utilities,Utilities - Regulated Electric,20014.0,44.06,44.6,44.23,43.415,44.5,39.47,48.51,6804749,7671503,8779620,44500041728,92909387776.0,15.792115,15.538926,1.5833544,0.556,2.79,2.83546,1.6,3.63,0.56630003,0.116009995,0.42286998,0.22177,0.33026,0.09,0.229,24316999680,8031000064,buy,2.45
FAST,Fastenal Company,Fastenal Company,FAST,NMS,EQUITY,USD,Industrials,Industrial Distribution,21602.0,43.89,44.78,44.74,43.84,44.91,35.305,50.63,8123720,7717259,11157860,50388242432,50553344000.0,40.266052,32.830173,12.777292,0.895,1.09,1.33688,0.9,2.05,0.8028,0.15345,0.45012,0.18955,0.22375,0.111,0.138,8200500224,1834899968,hold,2.78947
FER,Ferrovial SE,Ferrovial SE,FER,NMS,EQUITY,USD,Industrials,Engineering & Construction,22043.0,67.04,67.41,66.6,66.12,67.16,40.46,68.54,2179980,2334104,1520440,47932526592,57499832320.0,12.166968,46.237675,6.913768,0.774,5.51,1.4498999,1.05,1.56,0.1759,0.35993,0.87025,0.09644,0.14953,0.047,0.316,9349000192,1398000000,none,
FTNT,"Fortinet, Inc.","Fortinet, Inc.",FTNT,NMS,EQUITY,USD,Technology,Software - Infrastructure,15015.0,81.64,77.62,83.5,81.1,85.04,70.12,114.82,8278812,5920419,6810030,62557958144,58676830208.0,33.596706,27.771729,82.464645,1.069,2.43,2.93968,,,0.0,0.28584,0.80866,0.31648,0.33117,0.144,-0.114,6554699776,2170700032,hold,2.64286
GEHC,GE HealthCare Technologies Inc.,GE HealthCare Technologies Inc.,GEHC,NMS,EQUITY,USD,Healthcare,Medical Devices,53000.0,79.77,81.89,81.26,79.58,81.81,57.65,94.8,2340872,3721444,4074620,36419952640,43302957056.0,16.515528,16.193796,3.6361563,1.229,4.83,4.92596,0.14,0.18,0.027999999,0.10945,0.40803,0.14213,0.17909999,0.058,-0.041,20245999616,3625999872,buy,1.95
GILD,"Gilead Sciences, Inc.","Gilead Sciences, Inc.",GILD,NMS,EQUITY,USD,Healthcare,Drug Manufacturers - General,17600.0,135.93,131.14,131.26,131.0,136.3,93.1,136.3,10478229,7063726,7995540,168662876160,185012584448.0,21.041794,15.504767,7.8377438,0.349,6.46,8.76698,3.16,2.32,0.48610002,0.27882,0.78716004,0.45231,0.48599,0.03,1.43,29087000576,14136000512,buy,1.65517
HON,Honeywell International Inc.,Honeywell International Inc.,HON,NMS,EQUITY,USD,Industrials,Conglomerates,102000.0,221.46,222.54,221.97,220.59,223.32,169.04807,227.82281,2992324,4263940,5591950,149235187712,166430113792.0,23.360762,21.255175,8.378163,0.942,9.48,10.41911,4.58,2.07,0.4768,0.1507,0.36944,0.18505,0.24042,0.07,0.324,40669999104,9777999872,buy,2.12
IDXX,"IDEXX Laboratories, Inc.","IDEXX Laboratories, Inc.",IDXX,NMS,EQUITY,USD,Healthcare,Diagnostics & Research,11000.0,693.85,691.05,689.82,687.46,698.04,356.14,769.98,227691,558750,442260,55511257088,56309641216.0,54.936657,47.73676,35.554703,1.672,12.63,14.53492,,,0.0,0.24654,0.6172,0.32106,0.34489,0.133,0.214,4167410944,1437280000,buy,2.2
INSM,Insmed Incorporated,Insmed Incorporated,INSM,NMS,EQUITY,USD,Healthcare,Biotechnology,1271.0,156.21,160.39,160.02,154.23,160.075,60.4,212.75,2506239,3128250,3271900,33315450880,32375597056.0,,-57.326244,35.119156,1.087,-6.19,-2.72493,,,0.0,-2.6482801,0.76541,-1.8360801,-2.18958,0.524,,447022016,-978790016,strong_buy,1.15
INTC,Intel Corporation,Intel Corporation,INTC,NMS,EQUITY,USD,Technology,Semiconductors,85100.0,45.085,54.305,46.82,44.45,48.13,17.67,54.6,294675401,97649900,171917640,225199554560,246896656384.0,,44.845078,1.9701537,1.354,-0.06,1.00535,,,0.0,-0.00505,0.36563998,0.051409997,0.23902,-0.041,,52852998144,12632999936,hold,2.85106
INTU,Intuit Inc.,Intuit Inc.,INTU,NMS,EQUITY,USD,Technology,Software - Application,18200.0,563.965,547.69,546.82,545.72,564.57,520.69,813.7,3274010,2000460,3130870,157007855616,,38.760483,21.323614,8.128991,1.254,14.55,26.44791,4.48,0.79,0.2967,0.21191,0.80728996,0.15697,0.30083,0.41,-0.185,19433000960,5846000128,buy,1.65714
ISRG,"Intuitive Surgical, Inc.","Intuitive Surgical, Inc.",ISRG,NMS,EQUITY,USD,Healthcare,Medical Instruments & Supplies,,523.99,525.81,530.0,521.18,540.0,425.0,609.08,2206344,1835452,2325360,187838103552,176929947648.0,66.66539,46.105545,10.364956,1.672,7.86,11.36501,,,0.0,0.28375998,0.65996003,0.30155,0.35309,0.188,0.171,10064700416,3553766400,buy,2.05714
KDP,Keurig Dr Pepper Inc.,Keurig Dr Pepper Inc.,KDP,NMS,EQUITY,USD,Consumer Defensive,Beverages - Non-Alcoholic,29000.0,27.765,27.545,27.535,27.46,27.85,25.03,36.12,9761463,15314980,11345570,37721059328,55828267008.0,23.935345,12.7919235,1.4895387,0.349,1.16,2.17051,0.92,3.31,0.7931,0.09781,0.54761004,0.23107,0.2658,0.107,0.083,16174000128,4298999808,buy,1.875
KLAC,KLA Corporation,KLA Corporation,KLAC,NMS,EQUITY,USD,Technology,Semiconductor Equipment & Materials,15000.0,1512.78,1500.0,1486.25,1451.82,1512.94,551.33,1581.34,1010484,1014332,1231050,199209730048,200172224512.0,47.61662,34.315,39.909775,1.444,31.77,44.0851,7.6,0.5,0.22620001,0.33828998,0.61294997,0.41661,0.44926998,0.13,0.208,12524316672,5626762240,buy,2.03226
KHC,The Kraft Heinz Company,The Kraft Heinz Company,KHC,NMS,EQUITY,USD,Consumer Defensive,Packaged Foods,36000.0,23.2,22.720001,22.68,22.67,23.24,21.985,33.35,14248178,16039367,16837740,27460808704,45647810560.0,,9.29912,0.6627057,0.065,-3.71,2.49486,1.6,6.9,0.7306,-0.1735,0.33735,0.17637,0.23867,-0.023,,25163999232,6006000128,hold,3.1
LRCX,Lam Research Corporation,Lam Research Corporation,LRCX,NMS,EQUITY,USD,Technology,Semiconductor Equipment & Materials,19400.0,217.94,220.7,217.87,213.8699,223.36,56.32,236.1,7734774,11467822,13423840,274829393920,271530082304.0,48.110374,36.85216,26.92279,1.779,4.53,5.9139,1.04,0.48,0.20969999,0.29657,0.49313,0.34354,0.35012,0.277,0.443,19591788544,6859485184,buy,1.72222
LIN,Linde plc,Linde plc,LIN,NMS,EQUITY,USD,Basic Materials,Specialty Chemicals,65489.0,451.57,445.64,443.065,443.065,451.98,387.78,486.38,1359538,2870711,2348340,211745488896,233746120704.0,30.205353,25.311184,5.460405,0.855,14.95,17.84073,6.0,1.33,0.39419997,0.21170999,0.48776,0.2794,0.39249,0.031,0.27,33504000000,13150000128,buy,1.55556
MAR,Marriott International,"Marriott International, Inc.",MAR,NMS,EQUITY,USD,Consumer Cyclical,Lodging,418000.0,319.7,321.67,318.97,316.69,320.7375,205.4,331.09,1058812,1578544,1624630,86785073152,102000066560.0,33.652634,27.961277,-27.612715,1.157,9.5,11.43367,2.68,0.84,0.2743,0.37984002,0.81554,0.65933996,0.66919,0.056,0.29,6873999872,4600000000,buy,2.25926
MRVL,"Marvell Technology, Inc.","Marvell Technology, Inc.",MRVL,NMS,EQUITY,USD,Technology,Semiconductors,7042.0,80.23,83.100006,81.15,79.72,82.02,47.09,121.81,13924585,17133896,14239570,69166284800,70106062848.0,28.250002,22.40905,4.8436375,1.945,2.84,3.58025,0.24,0.3,0.0845,0.31748,0.50708,0.17733999,0.31415,0.368,,7793299968,2448300032,buy,1.73333
MELI,"MercadoLibre, Inc.","MercadoLibre, Inc.",MELI,NMS,EQUITY,USD,Consumer Cyclical,Internet Retail,84207.0,2137.29,2153.75,2145.0,2100.31,2153.46,1723.9,2645.22,314015,548377,569840,108354584576,114165579776.0,52.078217,35.889576,17.348274,1.421,41.04,59.55183,,,0.0,0.0793,0.50356996,0.097720005,0.14752,0.395,0.061,26193000448,3864000000,strong_buy,1.42308
META,"Meta Platforms, Inc.","Meta Platforms, Inc.",META,NMS,EQUITY,USD,Communication Services,Internet Content & Information,78450.0,658.76,647.63,644.835,644.445,666.4899,479.8,796.25,22797723,19229411,16391160,1660422848512,1667034775552.0,29.148672,21.99078,8.557548,1.287,22.6,29.95619,2.1,0.32,0.091800004,0.30892,0.82013,0.40075,0.51937,0.262,-0.826,189458006016,98399002624,strong_buy,1.35821
MCHP,Microchip Technology Incorporat,Microchip Technology Incorporated,MCHP,NMS,EQUITY,USD,Technology,Semiconductors,19400.0,74.71,75.47,75.78,73.42,75.94,34.13,79.5,6413256,8822708,8391530,40376782848,45552680960.0,,28.567823,6.0303493,1.445,-0.46,2.61518,1.82,2.44,3.1772,-0.04394,0.54057,0.08347999,0.20719999,-0.02,-0.816,4212400128,872800000,buy,1.68
MU,"Micron Technology, Inc.","Micron Technology, Inc.",MU,NMS,EQUITY,USD,Technology,Semiconductors,53000.0,399.65,397.58,397.16,390.74,412.3861,61.54,412.43,28121313,28814350,35535640,449809776640,451984785408.0,38.02569,9.435381,7.6523185,1.503,10.51,42.35653,0.46,0.12,0.0437,0.28146,0.45308998,0.44974998,0.52548003,0.567,1.754,42311999488,22233999360,buy,1.60465
MSFT,Microsoft Corporation,Microsoft Corporation,MSFT,NMS,EQUITY,USD,Technology,Software - Infrastructure,228000.0,465.95,450.86502,451.86,450.6,471.1,344.79,555.45,38000159,25197300,28363580,3463484014592,3481479413760.0,33.11656,24.914396,9.540336,1.073,14.07,18.70204,3.64,0.78,0.2361,0.35707,0.68764,0.48873,0.56646997,0.184,0.127,293812011008,166436995072,strong_buy,1.24138
MSTR,Strategy Inc,Strategy Inc,MSTR,NMS,EQUITY,USD,Technology,Software - Application,1546.0,163.11,160.98,160.885,158.75,168.955,149.75,457.22,11133093,19293240,22307010,47195004928,60824379392.0,6.6985626,3.3243427,0.894891,3.433,24.35,49.06534,,,0.0,16.67086,0.70122004,30.23399,23.15592,0.109,,474942016,10997716992,strong_buy,1.28571
MDLZ,"Mondelez International, Inc.","Mondelez International, Inc.",MDLZ,NMS,EQUITY,USD,Consumer Defensive,Confectioners,90000.0,58.4,57.565,57.59,57.44,58.43,51.2,71.15,7905489,11102683,11173970,75566415872,95974932480.0,21.87266,18.602163,2.8785489,0.402,2.67,3.13942,2.0,3.42,0.7154,0.0938,0.31053,0.10837,0.14920999,0.059,-0.095,37645000704,5616999936,buy,1.84615
MPWR,"Monolithic Power Systems, Inc.","Monolithic Power Systems, Inc.",MPWR,NMS,EQUITY,USD,Technology,Semiconductors,4017.0,1063.74,1076.67,1077.61,1050.88,1087.44,438.86,1123.38,326665,690008,480240,50960592896,49709961216.0,27.324429,50.99647,14.282223,1.456,38.93,20.85909,6.24,0.59,0.1521,0.7122,0.55239,0.26477,0.27820998,0.189,0.258,2660968960,740320000,strong_buy,1.375
MNST,Monster Beverage Corporation,Monster Beverage Corporation,MNST,NMS,EQUITY,USD,Consumer Defensive,Beverages - Non-Alcoholic,5527.0,82.0,80.89,80.64,80.3,82.19,45.7,82.19,4393816,5590847,6201400,80115736576,77596729344.0,46.590908,36.182003,10.343088,0.46,1.76,2.26632,,,0.0,0.21654,0.55813,0.30738002,0.31192,0.168,0.395,7975330816,2487678976,buy,2.04
NFLX,"Netflix, Inc.","Netflix, Inc.",NFLX,NMS,EQUITY,USD,Communication Services,Entertainment,16000.0,86.085,83.575005,83.415,83.29,86.3,81.93,134.115,64520383,46268983,64310870,364769968128,371526074368.0,34.025692,22.53947,13.655616,1.711,2.53,3.8193,,,0.0,0.24304001,0.48487,0.24535,0.30233,0.176,0.327,45183037440,13659992064,buy,2.0
NVDA,NVIDIA Corporation,NVIDIA Corporation,NVDA,NMS,EQUITY,USD,Technology,Semiconductors,36000.0,187.68,184.72,187.485,186.8233,189.6,86.62,212.19,142748076,187417450,168905440,4569445171200,4510594891776.0,46.570717,24.488964,38.364674,2.314,4.03,7.66386,0.04,0.02,0.0099,0.53007,0.7005,0.63168997,0.60220003,0.625,0.667,187141996544,112696000512,strong_buy,1.34375
NXPI,NXP Semiconductors N.V.,NXP Semiconductors N.V.,NXPI,NMS,EQUITY,USD,Technology,Semiconductors,33100.0,232.475,236.75,235.58,229.065,236.62,148.09,255.45,2410781,2873445,2498360,58610339840,67171020800.0,28.736094,16.866255,5.8350697,1.466,8.09,13.78344,4.06,1.74,0.5014,0.17111,0.55401003,0.28238,0.33176,-0.024,-0.111,12044999680,3996000000,buy,1.51515
ORLY,"O'Reilly Automotive, Inc.","O'Reilly Automotive, Inc.",ORLY,NMS,EQUITY,USD,Consumer Cyclical,Auto Parts,93269.0,99.23,98.88,98.725,98.615,99.63,83.30933,108.72,5028491,5566060,6103160,83951788032,91957592064.0,34.45486,30.036112,-93.967804,0.631,2.88,3.30369,,,0.0,0.14225,0.51474,0.20742,0.22158001,0.078,0.126,17463279616,3869545984,buy,1.60714
ODFL,"Old Dominion Freight Line, Inc.","Old Dominion Freight Line, Inc.",ODFL,NMS,EQUITY,USD,Industrials,Trucking,21504.0,174.3,178.25,177.45,173.48,178.445,126.01,209.61,1656145,2243249,1997900,36632309760,36484259840.0,35.070423,34.37497,8.562165,1.276,4.97,5.07055,1.12,0.64,0.22129999,0.18967,0.39296,0.25655,0.3142,-0.043,-0.105,5574922240,1751644032,buy,2.5
PCAR,PACCAR Inc.,PACCAR Inc,PCAR,NMS,EQUITY,USD,Industrials,Farm & Heavy Construction Machinery,30100.0,122.0,123.56,123.625,121.41,123.79,84.65,124.53,2354963,3163390,2819630,64074932224,70976233472.0,23.92157,21.447796,3.3082056,1.024,5.1,5.68823,1.32,1.08,0.2529,0.091120005,0.14876,0.099209994,0.12946999,-0.19,-0.395,29531500544,3823399936,buy,2.38095
PLTR,Palantir Technologies Inc.,Palantir Technologies Inc.,PLTR,NMS,EQUITY,USD,Technology,Software - Infrastructure,4414.0,169.6,165.90001,167.205,166.3,171.99,66.12,207.52,30285671,45753898,36160090,404230799360,398126219264.0,403.80954,167.5525,61.338154,1.545,0.42,1.01222,,,0.0,0.28114,0.80807996,0.33296,0.22478001,0.628,2.0,3896163072,875796992,hold,2.80769
PANW,"Palo Alto Networks, Inc.","Palo Alto Networks, Inc.",PANW,NMS,EQUITY,USD,Technology,Software - Infrastructure,16413.0,180.18,182.26999,182.85,179.7,184.72,144.15,223.61,5790965,5863934,6064100,125585457152,121804455936.0,113.32075,41.53824,14.389074,0.754,1.59,4.33769,,,0.0,0.11687,0.73467004,0.12005,0.14467,0.157,-0.041,9556500480,1382499968,buy,1.76364
PAYX,"Paychex, Inc.","Paychex, Inc.",PAYX,NMS,EQUITY,USD,Technology,Software - Application,19000.0,106.63,107.189995,106.86,106.47,107.855,106.47,161.24,2629631,3252870,2950870,38276698112,41790398464.0,24.069977,18.028208,9.864927,0.903,4.43,5.91462,4.32,4.05,0.9548,0.26446,0.73362,0.41667,0.47522,0.183,-0.035,6033900032,2867399936,hold,3.17647
PYPL,"PayPal Holdings, Inc.","PayPal Holdings, Inc.",PYPL,NMS,EQUITY,USD,Financial Services,Credit Services,24400.0,56.62,57.149998,56.83,56.415,56.98,55.015,90.925,8758941,17003445,15656510,54093524992,54388613120.0,11.369477,9.843362,2.6379051,1.427,4.98,5.7521,0.56,0.99,0.0,0.14963001,0.41559,0.19198999,0.20142001,0.073,0.313,32861999104,6618999808,hold,2.63636
PDD,PDD Holdings Inc.,PDD Holdings Inc.,PDD,NMS,EQUITY,USD,Consumer Cyclical,Internet Retail,23465.0,106.375,106.072,106.65,106.2,107.64,87.11,139.41,5338551,8467336,12003180,151014899712,182337044480.0,10.766701,8.517815,2.6524608,0.006,9.88,12.488532,,,0.0,0.24435,0.56649,0.23113,0.22254999,0.09,0.165,418543632384,93147258880,buy,1.7561
PEP,"Pepsico, Inc.","PepsiCo, Inc.",PEP,NMS,EQUITY,USD,Consumer Defensive,Beverages - Non-Alcoholic,319000.0,144.58,144.40001,143.99,143.17,144.84,127.6,160.15,5870098,7651109,8416110,197941198848,240033038336.0,27.48669,16.899506,10.20901,0.421,5.26,8.55528,5.69,3.94,1.0561,0.078200005,0.54269004,0.16903,0.18422002,0.027,-0.108,92365996032,17016000512,hold,2.66667
QCOM,QUALCOMM Incorporated,QUALCOMM Incorporated,QCOM,NMS,EQUITY,USD,Technology,Semiconductors,52000.0,155.82,157.74,156.68,154.8514,157.98,120.8,205.95,7106729,10402568,9821380,166883229696,172371214336.0,31.039843,12.633966,7.8916183,1.212,5.02,12.33342,3.56,2.28,0.6946,0.12512,0.55429,0.26235,0.31605,0.1,,44283998208,13996000256,buy,2.32432
REGN,"Regeneron Pharmaceuticals, Inc.","Regeneron Pharmaceuticals, Inc.",REGN,NMS,EQUITY,USD,Healthcare,Biotechnology,15222.0,753.55,755.51,757.31,747.3,762.0,476.49,821.11,721175,1008519,925990,79866830848,71575724032.0,18.0491,16.793207,2.5022748,0.389,41.75,44.87231,3.52,0.47,0.0633,0.32131,0.45832002,0.29563,0.30517,0.009,0.18,14247799808,4348000256,buy,1.69231
ROP,"Roper Technologies, Inc.","Roper Technologies, Inc.",ROP,NMS,EQUITY,USD,Technology,Software - Application,18200.0,407.61,407.47998,406.02,405.85,412.0999,399.09,595.17,1712315,1053614,1198050,43874091008,53008191488.0,28.09166,18.864134,2.1944954,0.942,14.51,21.60767,3.64,0.89,0.22209999,0.20337,0.6896,0.28401,0.39513,0.143,0.082,7720999936,3050800128,buy,2.05
ROST,"Ross Stores, Inc.","Ross Stores, Inc.",ROST,NMS,EQUITY,USD,Consumer Cyclical,Apparel Retail,107000.0,188.55,187.01,186.915,186.12,188.85,122.36,194.92,1619959,2614555,2316230,61321412608,62112956416.0,29.507044,26.366463,10.374141,1.012,6.39,7.15113,1.62,0.86,0.2473,0.0947,0.3259,0.11578,0.14146,0.104,0.068,22027347968,3115994112,buy,1.77778
STX,Seagate Technology Holdings PLC,Seagate Technology Holdings plc,STX,NMS,EQUITY,USD,Technology,Computer Hardware,30000.0,346.1,346.53,344.47,331.745,347.7,63.19,350.05,2957822,4120955,3230020,75405516800,77794459648.0,44.428757,20.90496,-1173.2205,1.619,7.79,16.55588,2.96,0.86,0.3697,0.17922,0.36995,0.26892,0.26051,0.213,0.723,9557999616,2489999872,buy,1.6
SHOP,Shopify Inc.,Shopify Inc.,SHOP,NMS,EQUITY,USD,Technology,Software - Application,8100.0,137.89,137.64,137.2,134.68,139.89,69.84,182.19,9622887,7969129,8770810,179511115776,174277115904.0,100.649635,74.62832,14.342625,2.84,1.37,1.84769,,,0.0,0.16650999,0.48747003,0.1737,0.16137,0.315,-0.688,10695999488,1726000000,buy,1.96154
SBUX,Starbucks Corporation,Starbucks Corporation,SBUX,NMS,EQUITY,USD,Consumer Cyclical,Restaurants,381000.0,97.62,95.83,97.095,95.76,97.89,75.5,117.46,11759837,10055888,10435790,111003705344,134172598272.0,59.889572,32.90292,-13.706824,0.964,1.63,2.96691,2.48,2.54,1.4969001,0.04992,0.23045999,0.10976,0.14669,0.055,-0.854,37184401408,5454499840,buy,2.33333
SNPS,"Synopsys, Inc.","Synopsys, Inc.",SNPS,NMS,EQUITY,USD,Technology,Software - Infrastructure,28000.0,501.39,509.47,507.52,496.86,509.71,365.74,651.73,1446579,2109831,1782260,95925043200,107256905728.0,62.130116,29.691801,3.2920344,1.119,8.07,16.88648,,,0.0,0.18886,0.81404996,0.053839996,0.18827999,0.378,-0.665,7054177792,1328146944,buy,1.64
TMUS,"T-Mobile US, Inc.","T-Mobile US, Inc.",TMUS,NMS,EQUITY,USD,Communication Services,Telecom Services,70000.0,186.03,185.39,184.51,183.91,186.94,181.36,276.49,4827853,5331313,6429080,209361698816,326095798272.0,17.921965,15.07699,3.4406037,0.44,10.38,12.33867,4.08,2.19,0.3391,0.13826999,0.63775,0.2223,0.37931,0.089,-0.077,85846999040,32562999296,buy,1.86207
TTWO,"Take-Two Interactive Software, ","Take-Two Interactive Software, Inc.",TTWO,NMS,EQUITY,USD,Communication Services,Electronic Gaming & Multimedia,12928.0,245.73,241.09999,241.25,240.94,245.82,181.86,264.79,1175338,1540352,1302460,45405700096,46801903616.0,,31.071121,13.2248,0.925,-22.78,7.90863,,,0.0,-0.64265,0.59538,-0.054970004,0.12356,0.311,,6219899904,768499968,strong_buy,1.31034
TSLA,"Tesla, Inc.","Tesla, Inc.",TSLA,NMS,EQUITY,USD,Consumer Cyclical,Auto Manufacturers,125665.0,449.06,449.36,447.405,444.04,452.43,214.25,498.83,56771364,76107855,60914060,1493492301824,1466379403264.0,311.8472,206.66486,18.665724,1.835,1.44,2.17289,,,0.0,0.05314,0.17006999,0.06628,0.1126,0.116,-0.371,95632998400,10768000000,hold,2.54348
TXN,Texas Instruments Incorporated,Texas Instruments Incorporated,TXN,NMS,EQUITY,USD,Technology,Semiconductors,34000.0,193.31,194.98999,195.9102,191.13,196.4,139.95,221.69,6691594,7287842,6927600,175745302528,184505909248.0,35.211296,31.410099,10.568007,0.988,5.49,6.15439,5.68,2.94,0.9909,0.29208001,0.57483,0.36736,0.45262,0.142,0.007,17265999872,7815000064,hold,2.57895
TRI,Thomson Reuters Corp,Thomson Reuters Corporation,TRI,NMS,EQUITY,USD,Industrials,Specialty Business Services,26400.0,123.4,121.85,121.33,121.255,123.885,118.64,218.42,827266,1088788,1137420,55780585472,56604561408.0,31.886307,27.766214,4.667348,0.306,3.87,4.44425,2.38,1.93,0.5992,0.2382,0.39005002,0.2385,0.28213,0.034,0.415,7376000000,2080999936,buy,1.5625
VRSK,"Verisk Analytics, Inc.","Verisk Analytics, Inc.",VRSK,NMS,EQUITY,USD,Industrials,Consulting Services,7800.0,218.04,218.5,217.165,216.76,219.24,197.0,322.92,1044970,1482608,1200610,30463453184,33169795072.0,33.544613,28.295164,80.665924,0.809,6.5,7.70591,1.8,0.83,0.26770002,0.30418,0.69622004,0.45529,0.49173,0.059,0.045,3029499904,1489699968,buy,2.44444
VRTX,Vertex Pharmaceuticals Incorpor,Vertex Pharmaceuticals Incorporated,VRTX,NMS,EQUITY,USD,Healthcare,Biotechnology,6100.0,468.41,467.35,464.3636,462.77,470.34,362.5,519.68,1330042,1421470,1592010,120095948800,114392236032.0,33.00987,23.179504,6.868484,0.314,14.19,20.20794,,,0.0,0.31349,0.52716,0.40268,0.40192002,0.11,0.047,11723299840,4711799808,buy,1.8
WMT,Walmart Inc.,Walmart Inc.,WMT,NMS,EQUITY,USD,Consumer Defensive,Discount Stores,2100000.0,117.73,117.865005,118.15,117.1363,118.61,79.81,121.62,20806906,28228332,71026220,938643816448,1002587750400.0,41.164337,39.63413,9.766883,0.661,2.86,2.97042,0.94,0.8,0.3191,0.03259,0.24906999,0.0373,0.060749996,0.058,0.352,703060967424,42713001984,strong_buy,1.40476
WBD,"Warner Bros. Discovery, Inc. - ","Warner Bros. Discovery, Inc.",WBD,NMS,EQUITY,USD,Communication Services,Entertainment,35000.0,28.58,28.36,28.26,28.25,28.605,7.52,30.0,19187984,44148193,25410880,70863732736,101302509568.0,150.42105,-146.84273,1.9654769,1.572,0.19,-0.19463,,,0.0,0.01281,0.44484,0.087340005,0.2049,-0.06,,37862998016,7758000128,buy,2.38095
WDC,Western Digital Corporation,Western Digital Corporation,WDC,NMS,EQUITY,USD,Technology,Computer Hardware,40000.0,236.39,243.29,240.75,232.2,243.25,28.83,247.94,4655924,8843396,7755980,81033428992,,33.341324,21.824913,13.730832,1.845,7.09,10.8312,0.5,0.21,0.028199999,0.25459,0.40618,0.15403,0.28995,,,10126000128,2936000000,buy,1.62963
WDAY,"Workday, Inc.","Workday, Inc.",WDAY,NMS,EQUITY,USD,Technology,Software - Application,20588.0,189.26,188.18,187.01,186.33,190.34,180.56,283.68,2508414,2906837,3063210,50532417536,46725378048.0,79.856544,17.638117,5.627211,1.142,2.37,10.73017,,,0.0,0.06955,0.75636,0.10855,0.13108,0.126,0.306,9230999552,1210000000,buy,1.7907
XEL,Xcel Energy Inc.,Xcel Energy Inc.,XEL,NMS,EQUITY,USD,Utilities,Utilities - Regulated Electric,11380.0,74.99,75.880005,75.465,74.37,75.67,65.21,83.01,4210470,5433755,6242400,44359565312,78871396352.0,22.862804,18.22012,2.0939324,0.469,3.28,4.11578,2.28,3.04,0.6883,0.13459,0.45031,0.26615998,0.40013,0.074,-0.272,14227999744,5693000192,buy,1.55556
ZS,"Zscaler, Inc.","Zscaler, Inc.",ZS,NMS,EQUITY,USD,Technology,Software - Infrastructure,7923.0,209.62,208.31,209.14,207.32,210.65,164.78,336.99,1510293,1767477,1623260,33428353024,31943706624.0,,46.723324,16.862682,1.022,-0.25,4.48641,,,0.0,-0.01449,0.76767,-0.03875,-0.0239,0.255,,2833272064,-67705000,buy,1.62
